Name,Album,Artist,Release_date,Length,Popularity
Fearless Pt. II,NCS: The Best of 2017,Various Artists,2017-12-15,194181,0
Fearless,Fearless,Lost Sky,2017-09-09,194284,0
Ark,Ark,Star Party,2016-02-04,180800,0
Supersonic,Supersonic,Rob Gasser,2017-02-03,234363,0
Fearless Pt. II,NCS: The Best of 2017,Various Artists,2017-12-15,194181,0
Mortals,Mortals,Warriyo,2016-12-15,228340,0
Horizon,Dying Light (Original Game Soundtrack),Pawel Blaszczak,2019-07-31,160341,49
Fearless,Fearless,Lost Sky,2017-09-09,194284,0
Ark,Ark,Star Party,2016-02-04,180800,0
Ark,Ark,Star Party,2016-02-04,180800,0
Mortals,Mortals,Warriyo,2016-12-15,228340,0
Horizon,Dying Light (Original Game Soundtrack),Pawel Blaszczak,2019-07-31,160341,49
Supersonic,Supersonic,Rob Gasser,2017-02-03,234363,0
Feel Good,Feel Good,Syn Cole,2016-02-27,181935,0
Fearless Pt. II,NCS: The Best of 2017,Various Artists,2017-12-15,194181,0
Horizon,Dying Light (Original Game Soundtrack),Pawel Blaszczak,2019-07-31,160341,49
Mortals,Mortals,Warriyo,2016-12-15,228340,0
Fearless,Fearless,Lost Sky,2017-09-09,194284,0
Blank,Blank,Disfigure,2013-05-01,208901,0
Symbolism,Symbolism,Electro-Light,2014-11-27,293300,0
Symbolism,Symbolism,Electro-Light,2014-11-27,293300,0
Blank,Blank,Disfigure,2013-05-01,208901,0
On & On,On & On,Cartoon,2015-07-09,207068,0
On & On,On & On,Cartoon,2015-07-09,207068,0
Invincible,Invincible,Deaf Kev,2015-05-14,279600,0
Invincible,Invincible,Deaf Kev,2015-05-14,279600,0
Sky High,Sky High,Elektronomia,2016-12-28,236254,2
Nekozilla,NCS: Infinity,Various Artists,2015-07-31,168759,0
Firefly,Firefly,Jim Yosef,2015-06-28,256620,2
Hope (Original Mix),Hope,Tobu,2014-01-01,288339,0
